Company,Complaint_Count
"BANK OF AMERICA, NATIONAL ASSOCIATION",3409
CAPITAL ONE FINANCIAL CORPORATION,3245
WELLS FARGO & COMPANY,3068
JPMORGAN CHASE & CO.,3055
"CITIBANK, N.A.",2621
Chime Financial Inc,2072
"Block, Inc.",1975
SYNCHRONY FINANCIAL,1705
"Paypal Holdings, Inc",1665
MOHELA,1305
AMERICAN EXPRESS COMPANY,1253
NAVY FEDERAL CREDIT UNION,1210
U.S. BANCORP,774
"Rocket Mortgage, LLC",737
TRUIST FINANCIAL CORPORATION,658
ALLY FINANCIAL INC.,649
TD BANK US HOLDING COMPANY,643
PNC Bank N.A.,616
"Nelnet, Inc.",579
GOLDMAN SACHS BANK USA,576
"Bread Financial Holdings, Inc.",574
BARCLAYS BANK DELAWARE,561
"Shellpoint Partners, LLC",515
"SANTANDER HOLDINGS USA, INC.",498
"SOFI TECHNOLOGIES, INC.",452
"TRANSUNION INTERMEDIATE HOLDINGS, INC.",420
Experian Information Solutions Inc.,362
UNITED SERVICES AUTOMOBILE ASSOCIATION,341
"Maximus Federal Services, Inc.",332
Freedom Mortgage Company,318
Ocwen Financial Corporation,296
"EQUIFAX, INC.",288
"Westlake Services, LLC",287
FIFTH THIRD FINANCIAL CORPORATION,278
"CITIZENS FINANCIAL GROUP, INC.",270
"Coinbase, Inc.",246
"HUNTINGTON NATIONAL BANK, THE",245
ROBINHOOD MARKETS INC.,243
EdFinancial Services,242
Servicer under contract with Federal Student Aid,240
"Early Warning Services, LLC",239
"SELECT PORTFOLIO SERVICING, INC.",208
"PENNYMAC LOAN SERVICES, LLC.",201
"CARRINGTON MORTGAGE SERVICES, LLC",194
"Bilt Technologies, Inc.",193
Bridgecrest Acceptance Corporation,192
BMO BANK NATIONAL ASSOCIATION,192
FinCo Services Inc DBA Current,190
Selene Holdings LLC,178
"CLGF Holdco 1, LLC",175
CREDIT ACCEPTANCE CORPORATION,175
"LoanCare, LLC",173
TOYOTA MOTOR CREDIT CORPORATION,169
M&T BANK CORPORATION,147
REGIONS FINANCIAL CORPORATION,145
HYUNDAI CAPITAL AMERICA,144
"Fidelity National Information Services, Inc. (FNIS)",144
SLM CORPORATION,140
"Credit Karma, LLC",124
"United Shore Financial Services, LLC",117
DISCOVER BANK,114
"Exeter Finance, LLC.",112
Central Research Inc,112
Atlanticus Services Corporation,112
Self Financial Inc.,110
KEYCORP,106
Comerica,105
CrossCountry Mortgage LLC,101
"American Credit Acceptance, LLC",96
"PLANET HOME LENDING, LLC",94
"General Motors Financial Company, Inc.",93
AMERICAN HONDA FINANCE CORP,88
MORGAN STANLEY & CO. LLC,87
"WESTERN UNION COMPANY, THE",86
Global Lending Services LLC,86
"LAKEVIEW LOAN SERVICING, LLC",80
"Affirm Holdings, Inc",78
"Navient Solutions, LLC.",77
Klarna AB,71
TransferWise Ltd,71
Netspend Corporation,70
TClub Inc,69
PENTAGON FEDERAL CREDIT UNION,65
"AmeriHome Mortgage Company, LLC",64
Winklevoss Exchange LLC,61
OneMain Finance Corporation,60
RoundPoint Mortgage Servicing LLC,59
"CHARLES SCHWAB CORPORATION, THE",59
MIDFIRST BANK,57
NISSAN MOTOR ACCEPTANCE COMPANY LLC,56
"Avant Holding Company, Inc.",56
FORD MOTOR CREDIT CO.,55
"Fay Servicing, LLC",54
NEW YORK COMMUNITY BANCORP INC,54
FIRST NATIONAL BANK OF OMAHA,53
FIRST TECHNOLOGY FEDERAL CREDIT UNION,51
"PINNACLE FINANCIAL PARTNERS, INC.",50
Mercedes Benz Financial Services,49
MOUNTAIN AMERICA FEDERAL CREDIT UNION,48
"CarMax, Inc.",48
FISERV FINXACT CORE,47
"Valon Technologies, Inc.",47
"LD Holdings Group, LLC",46
VYSTAR CREDIT UNION,45
"Continental Finance Company, LLC",45
HSBC NORTH AMERICA HOLDINGS INC.,44
"Remitly, Inc.",43
Resurgent Capital Services L.P.,43
MONEYGRAM PAYMENT SYSTEMS WORLDWIDE INC,43
FIRST PORTFOLIO SERVICING INC,43
VW Credit,43
Village Capital & Investment LLC,41
"SERVICEMAC, LLC",40
AES/PHEAA,40
"WEBSTER BANK, NATIONAL ASSOCIATION",40
ENCORE CAPITAL GROUP INC.,39
Mr. Cooper Group Inc.,39
Climb Credit Inc.,39
"Skrill USA, Inc.",38
"UPGRADE, INC.",38
Payward Ventures Inc. dba Kraken,37
MoneyLion Inc.,37
"CMG Financial Services, Inc.",37
"Relay Financial (US), Corp.",36
"FIRST CITIZENS BANCSHARES, INC.",35
"AXOS FINANCIAL, INC.",34
BOEING EMPLOYEES' CREDIT UNION,34
Meta Payments Inc.,34
World Omni Financial Corp.,33
"CULLEN/FROST BANKERS, INC.",33
"Tesla, Inc.",32
"Foris DAX, Inc.",31
"Dave Operating, LLC",31
Acorns Grow Incorporated,31
RANDOLPH-BROOKS FEDERAL CREDIT UNION,30
ALLIANT CREDIT UNION,30
SUNCOAST CREDIT UNION,29
FourLeaf Federal Credit Union,29
STATE EMPLOYEES CREDIT UNION,29
FIRST HORIZON BANK,28
AMERICA FIRST FEDERAL CREDIT UNION,27
FC HoldCo LLC,27
Guild Holdings Company,27
"Mercury Technologies, Inc.",27
"BSI Financial Holdings, Inc.",26
"Consumer Portfolio Services, Inc.",26
HEARTLAND PAYMENT SYSTEMS INC,25
Exto Inc.,25
SN SERVICING CORPORATION,25
Revolut Technologies Inc.,25
"GOLDEN 1 CREDIT UNION, THE",25
"Portfolio Recovery Associates, LLC",24
Stellantis Financial Services US Corp.,24
"OPTUM BANK, INC.",24
ZIONS BANCORPORATION,24
"BMW Financial Services NA, LLC",24
WorldRemit Corp.,23
"Mortgage Research Center, LLC",23
"Branch Messenger, Inc.",23
"Byrider Franchising, LLC",23
Google Compare Credit Cards Inc.,23
Conduent Incorporated,23
"Dovenmuehle Mortgage, Inc.",22
Idaho Housing And Finance Association,22
"EVERBANK, NATIONAL ASSOCIATION",21
Mercury Financial Intermediate LLC,21
Albert Corporation,21
"VANDERBILT MORTGAGE & FINANCE, INC",21
"Carvana Group, LLC",21
AMERISAVE MORTGAGE CORPORATION,21
OLD NATIONAL BANCORP,20
21ST MORTGAGE CORP.,19
HANCOCK WHITNEY BANK,19
COMMERCE BANK,19
ASSOCIATED BANC-CORP,19
Lendbuzz Inc.,19
Kikoff Inc.,19
"BROKER SOLUTIONS, INC.",19
"Upstart Holdings, Inc.",19
United PanAm Financial Corp.,18
BAM Management US Holdings Inc.,18
AMERIS BANCORP,18
BANCO POPULAR DE PUERTO RICO,17
"Americas Car-Mart, Inc.",17
GLOBAL CREDIT UNION,16
Larry H. Miller Group of Companies,16
"Peer Advisors, LLC",16
CIG FINANCIAL LLC,16
ADP Inc.,16
Sezzle Inc.,15
GUARANTEED RATE INC.,15
CL Holdings LLC,15
FULTON FINANCIAL CORPORATION,15
Army and Air Force Exchange Service,15
Lendmark Financial Services,15
Zip Co US Inc.,14
"Colony Brands, Inc.",14
SECURITY SERVICE FEDERAL CREDIT UNION,14
"Figure Technologies, Inc",14
WSFS FINANCIAL CORPORATION,14
"BILL.COM, LLC",14
"Imprint Payments, Inc.",14
"Sparrow Financial, Inc.",14
"Veros Credit, LLC",13
TRANSWORLD SYSTEMS INC,13
"COLUMBIA BANKING SYSTEM, INC.",13
Solar Mosaic LLC,13
CADENCE BANK,13
SCHOOLSFIRST FEDERAL CREDIT UNION,13
DriveTime,12
VALLEY NATIONAL BANCORP,12
UMB FINANCIAL CORPORATION,12
EAST WEST BANK,12
"ARVEST BANK GROUP, INC.",12
SOUTHSTATE BANK CORPORATION,12
"Ava Finance, Inc",11
Earnest Inc.,11
Harley Davidson Financial Services Inc,11
"Sunbit, Inc.",11
FIRSTBANK PUERTO RICO,11
Driveway Finance Corporation,11
NBT BANCORP INC.,11
"Paramount GR Holdings, LLC",11
LOBEL FINANCIAL CORPORATION,11
"Lennar Financial Services, LLC",10
Novo Platform Inc.,10
"BANK OF NEW YORK MELLON CORPORATION, THE",10
OFG BANCORP,10
Pomelo Technology US Inc,10
"ECMC GROUP, INC.",10
"Goal Structured Solutions, LLC",10
TapTap Send Inc.,10
"SUN WEST MORTGAGE COMPANY, INC.",10
"Ria Envia, LLC",10
SIMMONS FIRST NATIONAL CORPORATION,10
"Prosper Marketplace, Inc.",9
BOK FINANCIAL CORP,9
"FIRST INTERSTATE BANCSYSTEM, INC.",9
"DailyPay, Inc",9
FIRST NATIONAL BANK OF PENNSYLVANIA,9
Specialized Loan Servicing Holdings LLC,9
"College Ave Student Loan Servicing, LLC",9
"TEXAS CAPITAL BANCSHARES, INC.",9
Finance of America Holdings LLC,9
BEACON FINANCIAL CORPORATION,9
"Better Mortgage, Inc.",9
MORTGAGE SOLUTIONS OF COLORADO,9
BANK OF HAWAII CORPORATION,9
"MUTUAL OF OMAHA MORTGAGE, LLC",9
Nexus Nova LLC,8
Newport Intermediate Inc.,8
"PROSPERITY BANCSHARES, INC.",8
IDAHO CENTRAL CREDIT UNION,8
Georgia Student Finance Authority,8
"ACIMA CREDIT, LLC",8
"Perpay, Inc.",8
BANK OZK,8
"Aqua Finance, Inc.",8
LEXISNEXIS,7
Movement Mortgage LLC,7
"Acra Intermediate Holdings, LLC",7
Meritize Financial Inc.,7
"FIRST HAWAIIAN, INC.",7
"Community Loan Servicing, LLC (formerly known as Bayview Loan Servicing, LLC)",7
"Tilt Finance, Inc.",7
Ascent Holding Co,7
"COMMUNITY FINANCIAL SYSTEM, INC.",7
"Click n' Close, Inc.",7
LAKE MICHIGAN CREDIT UNION,7
Alabama Housing Finance Authority,6
Westcreek Financial,6
BANNER CORPORATION,6
Nala Payments LLC,6
NORTHWEST BANCSHARES INC,6
"Volvo Car Financial Services U.S., LLC",6
"CENTRAL BANCOMPANY, INC",6
Payfare International Inc.,6
Incomm Holdings Inc.,6
LAND HOME FINANCIAL SERVICES,6
BANCFIRST CORPORATION,6
Global Tel*Link Corporation,6
"HOPE BANCORP, INC.",6
FIRSTBANK,6
TRUSTMARK CORPORATION,6
FIRST HOME MORTGAGE CORPORATION,6
FIRST COMMONWEALTH FINANCIAL CORPORATION,6
"Spring Oaks Capital, LLC",6
"ShoulderTap Technologies, Inc. d/b/a Fizz",6
FCI Lender Services Inc.,6
Southwest Business Corporation,6
We Collect Inc,6
"AC AutoPay LLC, Denver, CO Branch",6
"MortgagePros, LLC",5
American Financial Network Inc.,5
"Securus J Holdings, LLC",5
"Atlantic Union Bankshares, Inc.",5
RUSHMORE LOAN MANAGEMENT SERVICES LLC,5
RENASANT CORPORATION,5
"UNITED BANKSHARES, INC.",5
OKX INC.,5
FIRST UNITED BANK AND TRUST COMPANY,5
TFS FINANCIAL CORPORATION,5
FIRST MERCHANTS CORPORATION,5
Union Home Mortgage Corp,5
Data Mortgage Inc.,5
"Credit Control, LLC",5
NVR INC.,5
"Bridge IT, Inc.",5
SECURITY FINANCE CORP,5
"PLS GROUP, INC",5
PRIMARY RESIDENTIAL MORTGAGE,5
INDEPENDENT BANK CORP.,5
CapitalJ Inc. dba Juno,5
Wave Financial USA Inc.,5
"Mid-Atlantic Finance Co., Inc.",5
"Total Card, Inc.",5
"Prog Holdings, Inc.",5
CHERRY TECHNOLOGIES INC.,5
CALCON MUTUAL MORTGAGE LLC DBA ONETRUST HOME LOANS,5
GREENSTATE CREDIT UNION,5
"Acrisure Mortgage Partners, LLC",4
NCB Management Services Inc.,4
Yamaha Motor Finance Corporation USA,4
"MPOWER Financing, Public Benefit Corporation",4
MEGA CAPITAL FUNDING INC.,4
Premier Auto Credit,4
"BANC OF CALIFORNIA, INC.",4
"Mercari, Inc.",4
Monterey Financial Services LLC,4
"Porsche Financial Services, Inc.",4
"King of Credit Financial, Inc",4
"Capital Accounts, LLC",4
"The Savings Group, Inc.",4
"B9, Inc.",4
"TIDEWATER FINANCE COMPANY, INC.",4
"Longbridge Financial, LLC",4
CCF Intermediate Holdings LLC,4
"National Enterprise Systems, Inc.",4
"Roadrunner Account Services, LLC",4
"STATE BANKSHARES, INC.",4
SC Opportunity Fund LLC,4
"Kind Holdings, LLC",4
"TRUHOME SOLUTIONS, LLC",4
GRANDVIEW FINANCIAL SERVICES INC.,4
TOWNEBANK,4
CATHAY BANK,4
U.S. Auto Credit Corporation,4
"Trustly, Inc.",4
UNIVERSAL ACCEPTANCE CORPORATION (NE),4
"PulteGroup, Inc.",4
TomoCredit Inc.,4
WESTERN ALLIANCE BANCORPORATION,4
"Weltman, Weinberg & Reis Co., L.P.A.",4
eMortgage Funding LLC,4
"Marlette Funding, LLC",4
Ascendium Education Group,4
"I.C. System, Inc.",4
"Arivo Acceptance, LLC",4
"HOME BANCSHARES, INC.",4
CHALLENGE FINANCIAL SERVICES,4
"Open Dealer Exchange, LLC",4
UNITED COMMUNITY BANK,4
AmWest Funding Corp.,4
CCM Finance LLC,4
"Zendable, Inc.",4
"Blockchain.com, Inc.",4
"Certegy Holdings, LLC",4
OPORTUN FINANCIAL CORPORATION,4
SAN DIEGO COUNTY CREDIT UNION,4
"Skopos Financial, LLC",4
"NEXBANK CAPITAL, INC.",3
MECHANICS BANK,3
DOLLAR MUTUAL BANCORP,3
"MONEY SOURCE, INC., THE",3
Betterment LLC,3
STOCKTON MORTGAGE,3
EA Holdings Corp.,3
"NEXA Mortgage, LLC",3
"Continental Services Group, Inc. d/b/a ConServe",3
"Reliant Capital Solutions, LLC",3
"First Help Financial, LLC",3
Chrysalis Holdings LLC,3
TFC Credit Corporation of California,3
United Mortgage Lending LLC,3
Fairway Independent Mortgage Corporation,3
FIRST FINANCIAL BANCORP,3
"Fidelity National Financial, Inc",3
"North State Acceptance, LLC",3
Southwest Stage Funding,3
"NY Community Financial, LLC",3
"NOVA Financial Holding Company, LLC",3
"MARINER FINANCE, LLC",3
EASTERN BANKSHARES INC,3
ATLANTIC BAY MORTGAGE GROUP LLC,3
ATM OPS INC,3
SEACOAST BANKING CORPORATION OF FLORIDA,3
"APPLE FINANCIAL HOLDINGS, INC.",3
Alorica Inc.,3
DigniFi,3
"National Credit Adjusters, LLC",3
"Neighborhood Assistance Corporation of America (""NACA"")",3
"Double Diamond-Delaware, Inc.",3
Lincoln Financial Services,3
"Approve Holdings, Inc",3
"Unisa, Inc",3
Airtm Inc.,3
FLAGSHIP FINANCIAL GROUP LLC,3
TrueAccord Corp.,3
"Auto Advantage Finance, LLC",3
"Auto Now Financial Services, Inc., Phoenix, AZ Branch",3
"Real Time Group, Inc.",3
HoldCo LLC,3
PRONTO FINANCE INC.,3
TOTAL MORTGAGE SERVICES LLC,3
"CARS Acquisition, LLC",3
CARD Corporation,3
"TRIAD FINANCIAL SERVICES, INC.",3
Thaxton Investment Corporation,3
"TRUEBILL, INC",3
GATEWAY FIRST BANK,3
"PLAZA HOME MORTGAGE, INC.",3
"Hometap Equity Partners, LLC",3
Radius Global Solutions LLC,3
"Greenlight Financial Technology, Inc",3
Grey Inc,3
"Populus Financial Group, Inc. (F/K/A Ace Cash Express)",3
IOWA STUDENT LOAN LIQUIDITY CORPORATION,3
Thayer Properties Inc. DBA Residential First Capital,3
Possible Financial Inc,3
"Caribou Financial, Inc.",3
"Capstone Capital USA, LLC",3
eToro USA LLC,3
"HILLTOP HOLDINGS, INC",3
"Majority USA, LLC",3
"Midwest Loan Services, Inc.",3
"AMERINATIONAL COMMUNITY SERVICES, INC.",3
A&D Mortgage LLC,3
Zillow Group Inc.,2
AMERICAN PACIFIC MORTGAGE,2
AMERICAN FINANCING CORPORATION,2
ALL WESTERN MORTGAGE,2
WAFD BANK,2
Washington Trust Bank Financial Corporation,2
"WMC MORTGAGE, LLC",2
"WESBANCO BANK, INC.",2
"Williams & Fudge, Inc",2
Massachusetts Housing Finance Agency (MassHousing),2
"Madison Auto, LLC",2
Mortgage Lenders Investment Trading Corp,2
Midwest Acceptance Corp.,2
"Michigan Mutual, Inc.",2
"Wiicar U.S., LLC",2
ZuntaFi Corp,2
"West Capital Lending, Inc.",2
"Tomo Networks, Inc.",2
CapitalCredit LLC,2
"Caliver Beach Mortgage, LLC",2
"CUSTOMERS BANCORP, INC",2
"Prime Home Lending, LLC",2
INDEPENDENCE HOME LOANS LLC,2
"IDT Telecom, Inc",2
Home Point Financial Corporation,2
Atlantic Discount Corporation dba Atlantic Financial Services,2
COLORADO HOUSING AND FINANCE AUTHORITY,2
Rausch Sturm LLP,2
Rapid Mortgage Company,2
Rapid Home Lending Inc.,2
RLB Texas Auto Center LLC,2
"RFNA, LP",2
HGREG.com,2
Groundfloor Finance Inc.,2
Global Credit Union,2
"Hatfield, Inc.",2
"Harpeth Financial Services, LLC",2
"CHECKredi of Kentucky, LLC",2
Plastiq Inc.,2
Paysend US LLC,2
"Parkway Financial Group, LLC",2
"Kabompo Holdings, Ltd.",2
"K. HOVNANIAN AMERICAN MORTGAGE, LLC",2
"JHL, LLC",2
"Ingo Money, Inc.",2
"Independent Dealers' Advantage, LLC",2
"Paramount Capital Group, Inc.",2
"GREENSKY OPERATIONS, LLC",2
"CU Alliance, LLC",2
"Taproot Financial, LLC",2
TOWNE MORTGAGE COMPANY,2
"CoinZoom, Inc.",2
Fusion Auto Finance,2
"Real Estate Equity Exchange, Inc. d/b/a Unison",2
Kovo,2
Kentucky Housing Corporation,2
Kentucky Higher Education Assistance Authority,2
"CAVALRY INVESTMENTS, LLC",2
Sunlight Financial LLC,2
SunTx Capital Partners,2
"Cornerstone First Mortgage, Inc.",2
FREEDOM FINANCIAL NETWORK,2
"Freeway Funding, Inc.",2
"Flexible Finance, Inc.",2
First Technology Federal Credit Union,2
Reliant Financial Corporation,2
"Reliable Credit Association, Inc.",2
Glacier Bancorp Inc.,2
PARAMOUNT RESIDENTIAL MORTGAGE GROUP,2
"PACIFIC SOUTHWEST NOTE FUND, LLC",2
Ok Finance Group INC,2
Law Offices of Les Zieve,2
LOAN SIMPLE INC.,2
"LIVE OAK BANCSHARES, INC.",2
OCEANFIRST FINANCIAL CORP.,2
Next Door Lending LLC,2
"New Century Auto Sales, Inc.",2
State Home Mortgage,2
Sports & Imports Auto,2
"FIRST COMMUNITY MORTGAGE, INC.",2
"Chicago Car Center, Inc.",2
Synovus Bank,2
Supreme Lending,2
Activehours,2
"Long & Foster Financial Services, Inc.",2
"Lockhart, Morris & Montgomery Inc.",2
"Bitstamp USA, Inc.",2
United American Mortgage Corporation,2
"United Accounts, Inc.",2
Lit Financial Corporation,2
Southwest Acceptance Finance Co,2
Southern Auto Finance Co,2
Sombrero Capital LLC,2
Siwell Inc,2
SinglePoint GI,2
Dodge Enterprises Inc.,2
"Coinme Holdings, Inc.",2
CountryPlace Acceptance Corporation,2
Statebridge Company,2
Lincoln Educational Services Corporation,2
"Lil' Wave Financial, Inc.",2
"NerdWallet, Inc.",2
Velocity Portfolio Group,2
"Van Horn Automotive Group, Inc.",2
VIRGINIA HOUSING DEVELOPMENT AUTHORITY,2
Bright Capital Inc,2
"M/I Homes, Inc.",2
"EQUITY RESOURCES, INCORPORATED",2
"ENOVA INTERNATIONAL, INC.",2
AUTOMOTIVE CREDIT CORPORATION,2
STANDARD MORTGAGE CORPORATION,2
SFMC L.P.,2
FIRST AMERICAN FINANCIAL CORPORATION,2
FB FINANCIAL CORPORATION,2
Evergreen Moneysource Mortgage Company,2
"Aldridge Pite, LLP",2
AdvantageFirst Lending Inc.,2
BANK OF THE WEST,2
"Bepensa Capital, Inc.",2
"Ballybunion Enterprises, Inc",2
BUSEY BANK,2
BROADVIEW MORTGAGE CORPORATION,2
MID FLORIDA FINANCING LLC,2
MEI AUTO FINANCE INC,2
"Wildhorse Financial Services, LLC",2
"E Mortgage Capital, Inc.",2
"DynaGen Lending, LLC",2
"AppFolio, Inc.",2
"Danco Financial Services, LLC",2
"Dakota Financial, LLC",2
"Servicing Solutions, LLC",2
"Sensible Auto Lending, LLC",2
"Security Credit Services, LLC",2
Secure Lending Incorporated,2
"NFM, INC",2
"Meridian Financial Services, Inc.",2
"AutoBank Financial, LLC",2
"Yield Solutions Group, LLC",2
"YREFY SLP5, LLC",2
XOOM CORPORATION,2
BIYING Inc,2
"BCI FINANCIAL GROUP, INC.",2
BANKERS HEALTHCARE GROUP LLC,2
"1803 Capital, LLC",1
ACS Education Services,1
ADESA CORPORATION,1
ADIR INTERNATIONAL LLC,1
ADVANCE MORTGAGE & INVESTMENT,1
BEAL FINANCIAL CORPORATION,1
"BCION, A DIVISION OF ION BANK",1
"BANKUNITED, NATIONAL ASSOCIATION",1
BANKERS MORTGAGE CORPORATION,1
BetterMe Financial,1
BULBUL INVESTMENTS LLC,1
BTH Management,1
"BRAZOS HIGHER EDUCATION AUTHORITY, INC.",1
"BMANSOL Intermediate Holdings, Inc.",1
Volunteer Mortgage Inc,1
"Vinci Law Office, LLC",1
"Vendor Resource Management, Inc.",1
VIN Title LLC d/b/a Discount Title Loan,1
VIAMERICAS CORPORATION,1
"VERITAS FUNDING, LLC",1
"CAINE & WEINER COMPANY, INC.",1
"MRS BPO, LLC",1
"MORTGAGE LINK, INC., THE",1
"MORTGAGE CENTER, LC",1
METRO ISLAND MORTGAGE INC.,1
"MEMBER FIRST MORTGAGE, LLC",1
MCMC Auto LTD,1
NORTHERN OHIO INVESTMENT COMPANY,1
NORTH AMERICAN FINANCIAL CORP,1
"NCD Financial, LLC",1
NATIONWIDE ACCEPTANCE LLC,1
NATIONAL DEBT RELIEF LLC,1
Motto Mortgage Coastal,1
McLeod Capital Fund Inc,1
McKenzie Management LLC,1
"McCalla Raymer Leibert Pierce, LLC",1
Marquee Funding Group Inc.,1
"Lipsky & Associates, Inc",1
"Lightspeed Mortgage, Inc.",1
"Life Line Billing Systems, LLC",1
Liberal Finance Service,1
"Lentegrity Management, LLC",1
Nelson Automotive Finance,1
"Neighborhood Capital Funding, Inc.",1
"Nav Technologies, Inc.",1
Nations Mortgage LLC,1
"National Debt Holdings, LLC",1
"NQM Funding, LLC",1
American Coradius International LLC,1
AmeriFirst Financial Corporation,1
Aluria Financial Holding LLC,1
"AlpacaDB, Inc.",1
Allied Financial Services Inc,1
Oklahoma Motor Credit Company,1
Oak Tree Financial Inc.,1
LendingPoint Holdings LLC,1
"Lending Hand Mortgage, LLC",1
"Lending Force, LLC",1
"LendKey Technologies, Inc.",1
Leif Technologies Inc.,1
Layer2 Financial Inc.,1
"LPI, INC.",1
LENDER LIVE,1
"ONLINE Information Services, Inc.",1
"OLD REPUBLIC TITLE HOLDING COMPANY, INC",1
"Northern Trust Company, The",1
New Silver Lending LLC,1
"Advantage Auto Sales, Inc.",1
"LoanUnited.com, LLC",1
PREFERRED CREDIT INC,1
PPPLF ECONOMIC AND COMMUNITY DEVELOPMENT INSTITUTE,1
PLAID INC.,1
"PINNACLE RECOVERY, INC.",1
LCS FINANCIAL SERVICES CORPORATION,1
LAKEVIEW LENDING LLC,1
Kubota North America Corporation,1
"Kriya Capital, LLC",1
"Klutch Technologies, Inc.",1
Kashable LLC,1
PENNSYLVANIA HOUSING FINANCE AGENCY,1
"PALOMAR ENTERPRISES, LLC",1
"PACE Funding Group, LLC",1
"Oquirrh Mountain Law Group, P.C.",1
OpenRoad Lending,1
Old Republic National Title Holding Co.,1
Patenaude & Felix A Professional Corporation,1
"Park Place Finance, LLC",1
KEYSTONE EQUIPMENT FINANCE CORP.,1
Johnson Mark LLC,1
"Jim Bottin Enterprises, Inc",1
JMAC LENDING INCORPORATED,1
InstaMortgage Inc.,1
"Insikt, Inc.",1
"Innovative Funding Services, L.L.C.",1
"Innovate Managed Holdings, LLC",1
"Imperium Lending, LLC",1
"Panorama Mortgage Group, LLC",1
PacificLife Servicing,1
"PacWest Credit, LTD",1
PROVIDENT FUNDING ASSOCIATES,1
PRIMERA FINANCIAL CORP.,1
"Premier Mortgage Resources, LLC",1
"Premier Auto Sales, Inc.",1
Post Lake Lending Inc.,1
"INTER & CO PAYMENTS, INC.",1
INSPERITY INC,1
Hunt & Henriques,1
"Horsepower Financial, LLC",1
Hometown Select Mortgage LLC,1
"Heritage Financial Group, Inc.",1
"Point Digital Finance, Inc.",1
"Phoenix Financial Holdings, Inc.",1
People Trust,1
"Paxful Holdings, Inc.",1
Pauls Auto Sales & Service Inc,1
Patrick K Willis Company Inc,1
"PatientFi, Inc.",1
HALLMARK HOME MORTGAGE LLC,1
Guidiville Indian Rancheria,1
"Grassland Financial Services, LLC",1
"Grain Technology, Inc.",1
"Heritage Finance Company, Inc.",1
Helm Associates,1
Healthcare Finance Direct LLC.,1
"Harris & Harris, Ltd.",1
"Halsted Financial Services, LLC.",1
"Halliday, Watkins & Mann, P.C.",1
HOMESTEAD FUNDING CORPORATION,1
HOMEOWNERS FINANCIAL GROUP USA,1
HOME FINANCING CENTER,1
"R.A.Rogers, Inc.",1
Quality Loan Service Corporation,1
"Public Title Services, LLC",1
"Regional Acquisition Group, Inc.",1
Redfin Corporation,1
Red Star Mortgage,1
"Glasser and Glasser, PLC",1
"Gitsit Solutions, LLC.",1
"Gillman Interests, Inc.",1
Get Financed LLC,1
GREEN ROAD FINANCE INC.,1
"GFS II, LLC",1
RUOFF MORTGAGE,1
"RICHLAND LOAN PROCESSING CENTER, LLC",1
"RESCO, INC.",1
RELIANCE FIRST CAPITAL LLC,1
"RCN Capital, LLC",1
"RAM America, Inc",1
HIGHER EDUCATION STUDENT ASSISTANCE AUTHORITY (HESAA),1
"Farrell Holdings, LLC",1
"FMA Alliance, Ltd.",1
FLORIDA HOME TRUST MORTGAGE,1
Fuel Capital Group,1
"Fresh Start Funding, LLC",1
Franklin Credit Management Corporation,1
"Fold, Inc.",1
Florida Equity Capital,1
FloatMe Corp.,1
"Flat Branch Mortgage, Inc.",1
First World Mortgage Corporation,1
"Financial Filing & Reporting, Inc.",1
Right Step Mortgage LLC,1
Rhode Island Housing and Mortgage Finance Corporation,1
Rent Recovery Solutions,1
"Reliable Auto Finance, Inc.",1
Everi Payments Inc.,1
"Equity Auto Finance, Inc.",1
Equitable Acceptance Corp,1
Electric Solidus LLC,1
"Eads Murray & Pugh, P.C.",1
"Rubin & Debski, P.A.",1
Royal Pacific Funding Corporation,1
"Rowland Avenue Management, Inc. A/KA Columbia Debt Recovery, LLC d/b/a Genesis",1
Rosebud Economic Development Corporation,1
Roger Van Wert,1
RockLoans Holdings LLC,1
River Financial Inc.,1
"FIRST PRIORITY MORTGAGE, INC.",1
"FIRST FINANCIAL BANKSHARES, INC.",1
FIRST CONTINENTAL MORTGAGE LTD,1
Federated Student Loan Services,1
STATE STREET BANK AND TRUST COMPANY,1
Absolute Resolutions Corp.,1
Abra,1
"AUTO MARKET OF FLORIDA, CORP",1
"AUTO FINANCE USA, LLC",1
"ARS National Services, Inc.",1
"SOUTHPOINT FINANCIAL SERVICES, INC.",1
SKYRIDGE LENDING LLC,1
SILVERGATE CAPITAL CORPORATION,1
SGCP Holdco LLC,1
"SF VAGO, LLC",1
"SERVISFIRST BANCSHARES, INC.",1
"FAIR COLLECTIONS & OUTSOURCING, INC.",1
Extreme Loans LLC,1
"Exodus Movement, Inc.",1
"Executive Lending Group, LLC",1
"EGL US, LLC",1
EF CORPORATE HOLDINGS LLC,1
EDvantage LLC,1
"Applied Data Finance, LLC",1
"Apple Law Group, Inc.",1
Apple Financing LLC,1
"Apelles, LLC",1
Amicus Lending,1
American Student Assistance,1
American Lending Finance,1
"American International Finance, Inc.",1
"American Heritage Lending, LLC",1
"American First Finance, Inc.",1
"American Financial Resources, Inc.",1
American Finance LLC,1
STELLAR BANCORP INC.,1
Ditech Financial LLC,1
"Direct, Inc",1
"Delta Management Associates, Inc.",1
"Del Toro Loan Servicing, Inc",1
"Debois, Inc.",1
DRIVE NOW ACCEPTANCE LLC,1
"Servion, Inc.",1
"Select Management Resources, LLC",1
Secure One Capital Corporation,1
Secure Choice Lending,1
Seben Hospitality Investments LLC,1
Schreiber Law LLC,1
Sands Recovery Group,1
"SandP Solutions, Inc.",1
"SUNRISE CREDIT SERVICES, INC",1
ENTERPRISE FINANCIAL SERVICES CORP,1
"Cornerstone Mortgage Group, LLC",1
Cornerstone Home Mortgage,1
"Su Casa De Cambio Cesar Chavez, Inc.",1
"Steel River Systems, LLC",1
Spring Equity LLC,1
"Sovereign Lending Group, Incorporated",1
Southern Star Automotive Inc.,1
Southern Credit LLC,1
"Soja Management Services, LLC",1
SoLo Funds Inc.,1
"Smith Carroad Wan & Parikh, P.C.",1
SmartCredit LLC,1
Sky Venture Holdings LLC,1
Shield Home Loans Inc.,1
"SettlementOne Valuation, LLC",1
"Diversified Adjustment Service, Inc.",1
"Constar Financial Services, LLC",1
"Concorde Auto Management, LLC  DBA  Concorde Auto Acceptance",1
Concord Servicing Corporation,1
Colony Ridge Inc.,1
"DMEC Capital Services LLC, DBA Settle Our Debt",1
DFC Global Corp.,1
DELMAR FINANCIAL COMPANY,1
"DApps Platform, Inc.",1
"Critical Ideas, Inc.",1
Creditors Bureau Associates,1
Creditly Corp.,1
CreditSmart Holdings Inc,1
Credit Glory LLC,1
Credit Fresh Holdings Inc,1
Credit Corp Solutions Inc.,1
"Creative Finance, Inc.",1
"Clear Mortgage Capital, Inc.",1
"Clasp Group, Inc.",1
"Churchill Holdings, Inc.",1
Chesmar Homes,1
Centric Financial Group LLC,1
"Central Mortgage Funding, LLC",1
"Cedars Business Services, LLC",1
TITLE FINANCIAL CORPORATION,1
TEXAS HIGHER EDUCATION COORDINATING BOARD,1
Synergetic Communication Inc,1
"Superior Home Loans, Inc.",1
"Superior Holdings, LLC",1
Sun 1318 Corp,1
Consumer Real Estate Finance Co.,1
Consumer Financial Services,1
"Consuegra & Duffy, P.L.L.C.",1
Thrift Investment Corp.,1
"The Stark Collection Agency, Inc.",1
The J. G. Wentworth Company,1
The Aligned Company DBA Extra,1
Castle and Cookie Mortgage LLC,1
"Caramel Dealer Services, LLC",1
"Caliber Home Loans, Inc.",1
CVB FINANCIAL CORP.,1
"CUSO Development Company, LLC",1
Texas Guaranteed,1
"TexStar Escrow, LLC",1
TRI POINTE HOMES INC,1
TOLL BROTHERS INC,1
Coconut Funding Corporation,1
ClearPath Lending,1
Clear Point Home Loans LLC,1
Auto Credit of Virginia Inc.,1
"August Real Estate Investments, LLC",1
"Ascension Point Recovery Services, LLC",1
Ark Auto Solutions,1
CRED Technologies dba cred.ai,1
CONTOUR MORTGAGE CORPORATION,1
COINFLIP LLC,1
"COAST 2 COAST LENDERS, LLC",1
CNG FINANCIAL CORPORATION,1
CITY NATIONAL BANK,1
CIBC BANCORP USA INC.,1
Transform Credit Inc.,1
"Tona Mortgage, LLC",1
"Tier Capital, LLC",1
"ThunderRoad Financial, LLC",1
"Thrivepoint Financial Holdings, Inc.",1
"CFAM Financial Services, LLC",1
CEX.IO CORP.,1
"CCS Financial Services, Inc.",1
"CBC Companies, Inc.",1
"CARDINAL FINANCIAL COMPANY, LIMITED PARTNERSHIP",1
UNITED MORTGAGE CORP,1
UNITED AUTO ACCEPTANCE,1
"UNIFOUR FINANCIAL SERVICES, LLC",1
UMPQUA HOLDINGS CORPORATION,1
UBS BANK USA,1
"U.S. Equity Advantage Holdings, Inc.",1
"True Link Financial, Inc.",1
True Finance,1
"TriPoint Lending, LLC",1
"CHACON AUTOS, LTD.",1
Auto Finance Center,1
C2 Financial Corporation,1
"Brio Management Group, LLC",1
"Brightfunders, LLC",1
Breeze Labs Inc.,1
"Braviant Holdings, LLC",1
"Bonial & Associates, P.C",1
"Blitt and Gaines, P.C.",1
Blackhawk Network Holdings Inc.,1
V and H Portfolio,1
"Unlock Technologies, Inc.",1
Universal Technical Institute,1
United Group Inc.,1
United Credit and Collections Inc.,1
USForex Inc.,1
USCB Corporation,1
CFS of Aurora IL LLC,1
AHL Funding,1
1st Franklin Financial Corporation,1
"eMoneyUSA Holdings, LLC",1
"A & O Recovery Solutions, LLC",1
"AAA CAPITAL INVESTMENT, INC.",1
WEALTHFRONT CORPORATION,1
AMERICAN SECURITY MORTGAGE CORPORATION,1
AMERICAN PORTIFOLIO MORTGAGE,1
AMERICAN FEDERAL MORTGAGE CORPORATION,1
"AMA Advisors, LLC.",1
ALLIED MORTGAGE GROUP,1
ALCHRO INC.,1
"Avid Acceptance, LLC",1
"Avadyne Health Holdings, Inc",1
"Automotive Management Services, Inc.",1
Ygrene Energy Fund Inc.,1
Management Location Services Inc.,1
MSA MORTGAGE LLC,1
Mortgage Origination Holdings LLC,1
"Moria Development, Inc.",1
"Monarch Recovery Holdings, Inc.",1
Mid Atlantic Auto Finance,1
Michael Wayne Investment,1
Metro Collection Service Inc.,1
"Zarzaur and Schwartz, PC",1
"Zap Solutions, Inc.",1
"WOLFE FINANCIAL, INC.",1
WLCC,1
"WHEELS FINANCIAL GROUP, LLC.",1
WEBULL PAY HOLDINGS (US) INC,1
West One Capital Group Inc.,1
ALCAR INC.,1
